Position,Const,Created,Modified,Description,Title,URL,Title Type,IMDb Rating,Runtime (mins),Year,Genres,Num Votes,Release Date,Directors
1,tt1051906,2020-02-27,2020-02-27,,The Invisible Man,https://www.imdb.com/title/tt1051906/,movie,7.2,124,2020,"Horror, Mystery, Sci-Fi, Thriller",92302,2020-02-24,Leigh Whannell
2,tt8244784,2020-03-14,2020-03-14,,The Hunt,https://www.imdb.com/title/tt8244784/,movie,6.4,90,2020,"Action, Horror, Thriller",31734,2020-03-11,Craig Zobel
3,tt8228288,2020-03-25,2020-03-25,,El hoyo,https://www.imdb.com/title/tt8228288/,movie,7.0,94,2019,"Horror, Sci-Fi, Thriller",116835,2019-09-06,Galder Gaztelu-Urrutia
4,tt9072352,2020-02-09,2020-02-09,,Relic,https://www.imdb.com/title/tt9072352/,movie,6.8,89,2020,"Drama, Horror",130,2020-01-25,Natalie Erika James
5,tt8772262,2019-07-03,2019-07-03,,Midsommar,https://www.imdb.com/title/tt8772262/,movie,7.1,148,2019,"Drama, Horror, Mystery, Thriller",150686,2019-06-24,Ari Aster
6,tt7984734,2019-09-11,2019-09-11,,The Lighthouse,https://www.imdb.com/title/tt7984734/,movie,7.6,109,2019,"Drama, Fantasy, Horror, Mystery",101018,2019-05-19,Robert Eggers
7,tt10767168,2020-02-09,2020-02-09,,La llorona,https://www.imdb.com/title/tt10767168/,movie,6.8,97,2019,"Drama, Horror, Thriller",357,2019-08-30,Jayro Bustamante
8,tt1560220,2019-10-19,2019-10-19,,Zombieland: Double Tap,https://www.imdb.com/title/tt1560220/,movie,6.8,99,2019,"Action, Comedy, Horror",107704,2019-10-09,Ruben Fleischer
9,tt7349950,2019-09-04,2019-09-04,,It Chapter Two,https://www.imdb.com/title/tt7349950/,movie,6.6,169,2019,"Drama, Fantasy, Horror",175540,2019-08-26,Andy Muschietti
10,tt6857112,2019-03-09,2019-03-09,,Us,https://www.imdb.com/title/tt6857112/,movie,6.9,116,2019,"Horror, Mystery, Thriller",198033,2019-03-08,Jordan Peele
11,tt7347846,2020-01-31,2020-01-31,,The Lodge,https://www.imdb.com/title/tt7347846/,movie,6.1,108,2019,"Drama, Horror, Thriller",11562,2019-01-25,"Severin Fiala, Veronika Franz"
12,tt8364368,2019-07-14,2019-07-14,,Crawl,https://www.imdb.com/title/tt8364368/,movie,6.2,87,2019,"Drama, Horror, Thriller",52759,2019-07-10,Alexandre Aja
13,tt7798634,2019-08-23,2019-08-23,,Ready or Not,https://www.imdb.com/title/tt7798634/,movie,6.8,95,2019,"Comedy, Horror, Mystery, Thriller",77825,2019-03-12,"Matt Bettinelli-Olpin, Tyler Gillett"
14,tt7670212,2019-03-03,2019-03-03,,Der goldene Handschuh,https://www.imdb.com/title/tt7670212/,movie,6.7,115,2019,"Crime, Drama, Horror, Thriller",7092,2019-02-09,Fatih Akin
15,tt7784604,2018-06-08,2018-06-08,,Hereditary,https://www.imdb.com/title/tt7784604/,movie,7.3,127,2018,"Drama, Horror, Mystery, Thriller",207113,2018-01-21,Ari Aster
16,tt7543784,2019-11-20,2019-11-20,,Tous les dieux du ciel,https://www.imdb.com/title/tt7543784/,movie,6.0,110,2018,"Drama, Horror, Sci-Fi",351,2018-09-23,Quarxx
17,tt1502407,2018-09-21,2018-09-21,,Halloween,https://www.imdb.com/title/tt1502407/,movie,6.6,106,2018,"Horror, Thriller",108540,2018-09-08,David Gordon Green
18,tt8359848,2018-09-19,2018-09-19,,Climax,https://www.imdb.com/title/tt8359848/,movie,7.1,97,2018,"Drama, Horror, Music, Thriller",42945,2018-05-13,Gaspar Noé
19,tt6644200,2018-04-14,2018-04-14,,A Quiet Place,https://www.imdb.com/title/tt6644200/,movie,7.5,90,2018,"Drama, Horror, Sci-Fi",379219,2018-03-09,John Krasinski
20,tt1034415,2018-10-16,2018-10-16,,Suspiria,https://www.imdb.com/title/tt1034415/,movie,6.8,152,2018,"Fantasy, Horror, Mystery, Thriller",53606,2018-09-01,Luca Guadagnino
21,tt4003440,2018-09-27,2018-09-27,,The House That Jack Built,https://www.imdb.com/title/tt4003440/,movie,6.8,152,2018,"Crime, Drama, Horror",50978,2018-05-14,Lars von Trier
22,tt7464188,2018-12-20,2018-12-20,,In Fabric,https://www.imdb.com/title/tt7464188/,movie,6.3,118,2018,"Comedy, Horror",6495,2018-09-13,Peter Strickland
23,tt6998518,2018-08-03,2018-08-03,,Mandy,https://www.imdb.com/title/tt6998518/,movie,6.6,121,2018,"Action, Fantasy, Horror, Mystery, Thriller",56488,2018-01-19,"Panos Cosmatos, Casper Kelly"
24,tt4827558,2018-10-25,2018-10-25,,High Life,https://www.imdb.com/title/tt4827558/,movie,5.8,113,2018,"Adventure, Drama, Horror, Mystery, Sci-Fi, Thriller",23766,2018-09-09,Claire Denis
25,tt2798920,2018-04-14,2018-04-14,,Annihilation,https://www.imdb.com/title/tt2798920/,movie,6.9,115,2018,"Adventure, Drama, Horror, Mystery, Sci-Fi, Thriller",262867,2018-02-13,Alex Garland
26,tt6499752,2018-07-10,2018-07-10,,Upgrade,https://www.imdb.com/title/tt6499752/,movie,7.5,100,2018,"Action, Horror, Sci-Fi, Thriller",136000,2018-03-10,Leigh Whannell
27,tt6217306,2018-10-12,2018-10-12,,Apostle,https://www.imdb.com/title/tt6217306/,movie,6.3,130,2018,"Drama, Fantasy, Horror, Mystery, Thriller",37971,2018-09-21,Gareth Evans
28,tt4530422,2018-10-21,2018-10-21,,Overlord,https://www.imdb.com/title/tt4530422/,movie,6.6,110,2018,"Action, Adventure, Horror, Mystery, Sci-Fi, War",76308,2018-09-22,Julius Avery
29,tt3335606,2018-04-14,2018-04-14,,Berlin Syndrome,https://www.imdb.com/title/tt3335606/,movie,6.3,116,2017,"Drama, Horror, Mystery, Thriller",20676,2017-01-20,Cate Shortland
30,tt3986820,2018-04-14,2018-04-14,,The Endless,https://www.imdb.com/title/tt3986820/,movie,6.5,111,2017,"Drama, Fantasy, Horror, Mystery, Sci-Fi, Thriller",28367,2017-04-21,"Aaron Moorhead, Justin Benson"
31,tt3748172,2018-04-14,2018-04-14,,Gerald's Game,https://www.imdb.com/title/tt3748172/,movie,6.6,103,2017,"Drama, Horror, Thriller",80070,2017-09-19,Mike Flanagan
32,tt5052448,2018-04-14,2018-04-14,,Get Out,https://www.imdb.com/title/tt5052448/,movie,7.7,104,2017,"Horror, Mystery, Thriller",458441,2017-01-23,Jordan Peele
33,tt5516328,2018-04-14,2018-04-14,,Ghost Stories,https://www.imdb.com/title/tt5516328/,movie,6.4,98,2017,"Drama, Horror",28384,2017-10-05,"Andy Nyman, Jeremy Dyson"
34,tt5308322,2019-07-11,2019-07-11,,Happy Death Day,https://www.imdb.com/title/tt5308322/,movie,6.5,96,2017,"Horror, Mystery, Thriller",106370,2017-10-07,Christopher Landon
35,tt1396484,2018-04-14,2018-04-14,,It,https://www.imdb.com/title/tt1396484/,movie,7.3,135,2017,Horror,432766,2017-09-05,Andy Muschietti
36,tt4695012,2018-09-16,2018-09-16,,It Comes at Night,https://www.imdb.com/title/tt4695012/,movie,6.2,91,2017,"Horror, Mystery",78245,2017-04-29,Trey Edward Shults
37,tt5715874,2018-04-14,2018-04-14,,The Killing of a Sacred Deer,https://www.imdb.com/title/tt5715874/,movie,7.0,121,2017,"Drama, Horror, Mystery, Thriller",109735,2017-05-22,Yorgos Lanthimos
38,tt5442430,2018-04-14,2018-04-14,,Life,https://www.imdb.com/title/tt5442430/,movie,6.6,104,2017,"Horror, Sci-Fi, Thriller",197293,2017-03-18,Daniel Espinosa
39,tt5109784,2018-04-14,2018-04-15,,Mother!,https://www.imdb.com/title/tt5109784/,movie,6.6,121,2017,"Drama, Horror, Mystery",179538,2017-09-05,Darren Aronofsky
40,tt6164502,2018-09-07,2018-09-07,,November,https://www.imdb.com/title/tt6164502/,movie,7.2,115,2017,"Drama, Fantasy, Horror, Romance",3418,2017-02-03,Rainer Sarnet
41,tt7914416,2019-04-01,2019-04-01,,Kamera wo tomeruna!,https://www.imdb.com/title/tt7914416/,movie,7.7,96,2017,"Comedy, Horror",13467,2017-11-04,Shin'ichirô Ueda
42,tt6738136,2019-04-01,2019-04-01,,Revenge,https://www.imdb.com/title/tt6738136/,movie,6.3,108,2017,"Action, Horror, Thriller",32595,2017-09-10,Coralie Fargeat
43,tt6304046,2018-09-07,2018-09-07,,Thelma,https://www.imdb.com/title/tt6304046/,movie,7.0,116,2017,"Drama, Fantasy, Horror, Mystery, Romance, Thriller",24175,2017-08-20,Joachim Trier
44,tt3289956,2018-11-29,2018-11-29,,The Autopsy of Jane Doe,https://www.imdb.com/title/tt3289956/,movie,6.8,86,2016,"Horror, Mystery, Thriller",89091,2016-09-09,André Øvredal
45,tt1179933,2018-04-14,2018-04-14,,10 Cloverfield Lane,https://www.imdb.com/title/tt1179933/,movie,7.2,103,2016,"Drama, Horror, Mystery, Sci-Fi, Thriller",278261,2016-03-08,Dan Trachtenberg
46,tt7076834,2018-04-14,2018-04-14,,Pengabdi Setan,https://www.imdb.com/title/tt7076834/,movie,6.6,107,2017,"Drama, Horror, Mystery",6502,2017-09-20,Joko Anwar
47,tt3065204,2018-04-14,2018-04-14,,The Conjuring 2,https://www.imdb.com/title/tt3065204/,movie,7.3,134,2016,"Horror, Mystery, Thriller",213407,2016-05-13,James Wan
48,tt4805316,2019-03-31,2019-03-31,,A Dark Song,https://www.imdb.com/title/tt4805316/,movie,6.2,100,2016,"Drama, Fantasy, Horror, Mystery",12990,2016-07-08,Liam Gavin
49,tt4160708,2018-04-14,2018-04-14,,Don't Breathe,https://www.imdb.com/title/tt4160708/,movie,7.1,88,2016,"Crime, Horror, Thriller",206626,2016-03-12,Fede Alvarez
50,tt5225338,2018-04-14,2018-04-14,,The Eyes of My Mother,https://www.imdb.com/title/tt5225338/,movie,6.2,76,2016,"Drama, Horror",10784,2016-01-22,Nicolas Pesce
51,tt4547056,2018-04-14,2018-04-14,,The Girl with All the Gifts,https://www.imdb.com/title/tt4547056/,movie,6.6,111,2016,"Drama, Horror, Sci-Fi, Thriller",51481,2016-08-03,Colm McCarthy
52,tt3896738,2018-04-14,2018-04-14,,Hounds of Love,https://www.imdb.com/title/tt3896738/,movie,6.5,108,2016,"Crime, Drama, Thriller",9400,2016-09-01,Ben Young
53,tt4786282,2018-04-14,2018-04-14,,Lights Out,https://www.imdb.com/title/tt4786282/,movie,6.3,81,2016,"Drama, Horror, Mystery, Thriller",109206,2016-06-08,David F. Sandberg
54,tt1974419,2018-04-14,2018-04-14,,The Neon Demon,https://www.imdb.com/title/tt1974419/,movie,6.2,117,2016,"Horror, Thriller",79236,2016-05-20,Nicolas Winding Refn
55,tt4714782,2018-04-14,2018-04-14,,Personal Shopper,https://www.imdb.com/title/tt4714782/,movie,6.1,105,2016,"Drama, Mystery, Thriller",34557,2016-05-17,Olivier Assayas
56,tt5154288,2018-04-14,2018-04-14,,Prevenge,https://www.imdb.com/title/tt5154288/,movie,5.9,88,2016,"Comedy, Drama, Fantasy, Horror, Thriller",6204,2016-09-01,Alice Lowe
57,tt4954522,2018-04-14,2018-04-14,,Grave,https://www.imdb.com/title/tt4954522/,movie,7.0,99,2016,"Drama, Horror",55894,2016-05-14,Julia Ducournau
58,tt4972582,2018-04-14,2018-04-14,,Split,https://www.imdb.com/title/tt4972582/,movie,7.3,117,2016,"Horror, Thriller",400279,2016-09-26,M. Night Shyamalan
59,tt5700672,2018-04-14,2018-04-14,,Busanhaeng,https://www.imdb.com/title/tt5700672/,movie,7.5,118,2016,"Action, Horror, Thriller",138416,2016-05-13,Sang-ho Yeon
60,tt4273292,2018-04-14,2018-04-14,,Under the Shadow,https://www.imdb.com/title/tt4273292/,movie,6.9,84,2016,"Drama, Horror, Thriller, War",21731,2016-01-22,Babak Anvari
61,tt5265960,2018-04-14,2018-04-14,,La región salvaje,https://www.imdb.com/title/tt5265960/,movie,6.1,98,2016,"Drama, Horror, Sci-Fi, Thriller",4259,2016-05-15,Amat Escalante
62,tt4255304,2019-05-03,2019-05-03,,The Void,https://www.imdb.com/title/tt4255304/,movie,5.8,90,2016,"Horror, Mystery, Sci-Fi, Thriller",28468,2016-09-22,"Steven Kostanski, Jeremy Gillespie"
63,tt5215952,2018-04-14,2018-04-14,,Gok-seong,https://www.imdb.com/title/tt5215952/,movie,7.5,156,2016,"Horror, Mystery, Thriller",43704,2016-05-12,Hong-jin Na
64,tt2494362,2018-04-14,2018-04-14,,Bone Tomahawk,https://www.imdb.com/title/tt2494362/,movie,7.1,132,2015,"Drama, Horror, Western",79711,2015-10-01,S. Craig Zahler
65,tt4935158,2020-01-25,2020-01-25,,Demon,https://www.imdb.com/title/tt4935158/,movie,6.1,94,2015,"Drama, Fantasy, Horror, Thriller",4801,2015-09-17,Marcin Wrona
66,tt4935372,2018-04-14,2018-04-14,,The Devil's Candy,https://www.imdb.com/title/tt4935372/,movie,6.4,79,2015,"Drama, Horror, Thriller",15892,2015-09-13,Sean Byrne
67,tt4291590,2018-04-14,2018-04-14,,Évolution,https://www.imdb.com/title/tt4291590/,movie,5.9,81,2015,"Drama, Horror, Mystery, Sci-Fi",5880,2015-09-14,Lucile Hadzihalilovic
68,tt4062536,2018-04-14,2018-04-14,,Green Room,https://www.imdb.com/title/tt4062536/,movie,7.0,95,2015,"Horror, Music, Thriller",100609,2015-05-17,Jeremy Saulnier
69,tt2400463,2018-04-14,2018-04-14,,The Invitation,https://www.imdb.com/title/tt2400463/,movie,6.6,100,2015,"Drama, Mystery, Thriller",83763,2015-03-13,Karyn Kusama
70,tt5278832,2018-04-14,2018-04-14,,Córki dancingu,https://www.imdb.com/title/tt5278832/,movie,6.3,92,2015,"Comedy, Drama, Fantasy, Horror, Musical, Thriller",5923,2015-12-16,Agnieszka Smoczynska
71,tt3278330,2018-04-14,2018-04-14,,Il racconto dei racconti - Tale of Tales,https://www.imdb.com/title/tt3278330/,movie,6.4,134,2015,"Drama, Fantasy, Horror",25429,2015-05-14,Matteo Garrone
72,tt4263482,2018-04-14,2018-04-14,,The VVitch: A New-England Folktale,https://www.imdb.com/title/tt4263482/,movie,6.9,92,2015,"Drama, Horror, Mystery",182195,2015-01-23,Robert Eggers
73,tt2321549,2018-04-14,2018-04-14,,The Babadook,https://www.imdb.com/title/tt2321549/,movie,6.8,94,2014,"Drama, Horror",186714,2014-01-17,Jennifer Kent
74,tt2825230,2018-04-14,2018-04-14,,Blood Punch,https://www.imdb.com/title/tt2825230/,movie,6.3,104,2014,"Horror, Thriller",2194,2014-02-21,Madellaine Paxson
75,tt2832470,2018-04-14,2018-04-14,,Død snø 2,https://www.imdb.com/title/tt2832470/,movie,6.9,100,2014,"Action, Comedy, Horror",21872,2014-01-19,Tommy Wirkola
76,tt2326554,2018-04-14,2018-04-14,,A Girl Walks Home Alone at Night,https://www.imdb.com/title/tt2326554/,movie,7.0,101,2014,"Drama, Horror",29073,2014-01-19,Ana Lily Amirpour
77,tt3086442,2018-04-14,2018-04-14,,Ich seh ich seh,https://www.imdb.com/title/tt3086442/,movie,6.7,99,2014,"Horror, Mystery, Thriller",40375,2014-08-30,"Severin Fiala, Veronika Franz"
78,tt3504048,2018-04-14,2018-04-14,,Housebound,https://www.imdb.com/title/tt3504048/,movie,6.8,107,2014,"Comedy, Horror, Mystery",30986,2014-03-10,Gerard Johnstone
79,tt3235888,2018-04-14,2018-04-14,,It Follows,https://www.imdb.com/title/tt3235888/,movie,6.8,100,2014,"Horror, Mystery, Thriller",198749,2014-05-17,David Robert Mitchell
80,tt2916416,2018-04-14,2018-04-14,,Kuime,https://www.imdb.com/title/tt2916416/,movie,6.1,93,2014,Horror,1121,2014-08-23,Takashi Miike
81,tt3395184,2018-04-14,2018-04-14,,Spring,https://www.imdb.com/title/tt3395184/,movie,6.7,109,2014,"Horror, Romance, Sci-Fi",22722,2014-09-05,"Aaron Moorhead, Justin Benson"
82,tt3416742,2018-04-14,2018-04-14,,What We Do in the Shadows,https://www.imdb.com/title/tt3416742/,movie,7.7,86,2014,"Comedy, Horror",144470,2014-01-19,"Taika Waititi, Jemaine Clement"
83,tt2535470,2018-04-14,2018-04-14,,Wyrmwood,https://www.imdb.com/title/tt2535470/,movie,6.2,98,2014,"Action, Comedy, Horror",15251,2014-09-19,Kiah Roache-Turner
84,tt1457767,2018-04-14,2018-04-14,,The Conjuring,https://www.imdb.com/title/tt1457767/,movie,7.5,112,2013,"Horror, Mystery, Thriller",423581,2013-06-08,James Wan
85,tt1288558,2018-04-14,2018-04-14,,Evil Dead,https://www.imdb.com/title/tt1288558/,movie,6.5,91,2013,"Fantasy, Horror, Thriller",152224,2013-03-08,Fede Alvarez
86,tt2640474,2018-04-14,2018-04-14,,La casa del fin de los tiempos,https://www.imdb.com/title/tt2640474/,movie,6.8,101,2013,"Drama, Fantasy, Horror, Mystery, Thriller",6456,2013-06-17,Alejandro Hidalgo
87,tt2388715,2018-04-14,2018-04-14,,Oculus,https://www.imdb.com/title/tt2388715/,movie,6.5,104,2013,"Horror, Mystery",112651,2013-09-08,Mike Flanagan
88,tt1714915,2018-04-14,2018-04-14,,Only Lovers Left Alive,https://www.imdb.com/title/tt1714915/,movie,7.3,123,2013,"Comedy, Drama, Fantasy, Horror, Romance",86721,2013-05-25,Jim Jarmusch
89,tt1441395,2018-04-14,2018-04-14,,Under the Skin,https://www.imdb.com/title/tt1441395/,movie,6.3,108,2013,"Drama, Horror, Sci-Fi, Thriller",122938,2013-08-29,Jonathan Glazer
90,tt2404738,2018-04-14,2018-04-14,,Las brujas de Zugarramurdi,https://www.imdb.com/title/tt2404738/,movie,6.4,112,2013,"Action, Comedy, Fantasy, Horror, Romance, Thriller",12860,2013-09-14,Álex de la Iglesia
91,tt0816711,2018-04-14,2018-04-14,,World War Z,https://www.imdb.com/title/tt0816711/,movie,7.0,116,2013,"Action, Adventure, Horror, Sci-Fi",582911,2013-06-02,Marc Forster
92,tt1833844,2018-04-14,2018-04-14,,Berberian Sound Studio,https://www.imdb.com/title/tt1833844/,movie,6.2,92,2012,"Drama, Horror, Thriller",13924,2012-06-28,Peter Strickland
93,tt1531901,2018-04-14,2018-04-14,,Byzantium,https://www.imdb.com/title/tt1531901/,movie,6.5,118,2012,"Drama, Fantasy, Horror, Thriller",39868,2012-09-09,Neil Jordan
94,tt1259521,2018-04-14,2018-04-14,,The Cabin in the Woods,https://www.imdb.com/title/tt1259521/,movie,7.0,95,2011,Horror,360083,2011-12-11,Drew Goddard
95,tt1783732,2018-04-14,2018-04-14,,John Dies at the End,https://www.imdb.com/title/tt1783732/,movie,6.4,99,2012,"Comedy, Fantasy, Horror, Sci-Fi",35409,2012-01-23,Don Coscarelli
96,tt2294473,2018-04-14,2018-04-14,,Aku no kyôten,https://www.imdb.com/title/tt2294473/,movie,6.6,129,2012,"Horror, Thriller",5130,2012-11-09,Takashi Miike
97,tt2103217,2018-04-14,2018-04-14,,Maniac,https://www.imdb.com/title/tt2103217/,movie,6.1,89,2012,"Horror, Thriller",34047,2012-05-26,Franck Khalfoun
98,tt1977895,2019-03-31,2019-03-31,,Resolution,https://www.imdb.com/title/tt1977895/,movie,6.4,93,2012,"Drama, Horror, Mystery, Thriller",12875,2012-04-22,"Aaron Moorhead, Justin Benson"
99,tt1555093,2018-04-14,2018-04-14,,The Seasoning House,https://www.imdb.com/title/tt1555093/,movie,6.1,90,2012,"Drama, Horror, Thriller",9121,2012-08-23,Paul Hyett
100,tt2023690,2018-04-14,2018-04-14,,Sightseers,https://www.imdb.com/title/tt2023690/,movie,6.5,88,2012,"Adventure, Comedy, Crime, Horror, Romance",25883,2012-05-23,Ben Wheatley
101,tt1922777,2018-04-14,2018-04-14,,Sinister,https://www.imdb.com/title/tt1922777/,movie,6.8,110,2012,"Horror, Mystery, Thriller",209773,2012-03-11,Scott Derrickson
102,tt1596365,2018-04-14,2018-04-14,,The Woman in Black,https://www.imdb.com/title/tt1596365/,movie,6.4,95,2012,"Drama, Fantasy, Horror, Thriller",170450,2012-01-24,James Watkins
103,tt1517225,2018-04-14,2018-04-14,,Neprijatelj,https://www.imdb.com/title/tt1517225/,movie,7.4,108,2011,"Drama, Horror, Mystery, Thriller, War",2318,2011-03-06,Dejan Zecevic
104,tt1640459,2018-04-14,2018-04-14,,Hobo with a Shotgun,https://www.imdb.com/title/tt1640459/,movie,6.1,86,2011,"Action, Comedy, Horror, Thriller",43200,2011-01-21,Jason Eisener
105,tt1189073,2018-04-14,2018-04-14,,La piel que habito,https://www.imdb.com/title/tt1189073/,movie,7.6,120,2011,"Drama, Horror, Thriller",132157,2011-05-19,Pedro Almodóvar
106,tt1437358,2018-04-14,2018-04-14,,Mientras duermes,https://www.imdb.com/title/tt1437358/,movie,7.2,102,2011,"Drama, Horror, Thriller",36551,2011-09-23,Jaume Balagueró
107,tt1568341,2018-04-14,2018-04-14,,Some Guy Who Kills People,https://www.imdb.com/title/tt1568341/,movie,6.3,97,2011,"Comedy, Crime, Drama, Horror, Mystery, Thriller",5556,2011-04-14,Jack Perez
108,tt1465522,2018-04-14,2018-04-14,,Tucker and Dale vs Evil,https://www.imdb.com/title/tt1465522/,movie,7.5,89,2010,"Comedy, Horror",160228,2010-01-22,Eli Craig
109,tt0445054,2018-04-14,2018-04-14,,Les 7 jours du talion,https://www.imdb.com/title/tt0445054/,movie,6.5,105,2010,"Crime, Drama, Horror, Thriller",6987,2010-01-22,Daniel Grou
110,tt1646959,2018-04-14,2018-04-14,,Kim Bok-nam salinsageonui jeonmal,https://www.imdb.com/title/tt1646959/,movie,7.3,115,2010,"Drama, Horror, Thriller",12590,2010-05-14,Cheol-soo Jang
111,tt1756479,2018-04-14,2018-04-14,,Die Farbe,https://www.imdb.com/title/tt1756479/,movie,6.5,86,2010,"Drama, Horror, Mystery, Sci-Fi",1197,2010-10-30,Huan Vu
112,tt0455407,2018-04-14,2018-04-14,,The Crazies,https://www.imdb.com/title/tt0455407/,movie,6.5,101,2010,"Horror, Thriller",108609,2010-02-23,Breck Eisner
113,tt1588170,2018-04-14,2018-04-14,,Ang-ma-reul bo-at-da,https://www.imdb.com/title/tt1588170/,movie,7.8,144,2010,"Action, Crime, Drama, Horror, Thriller",102975,2010-08-12,Jee-woon Kim
114,tt1591095,2018-04-14,2018-04-14,,Insidious,https://www.imdb.com/title/tt1591095/,movie,6.8,103,2010,"Horror, Mystery, Thriller",267787,2010-09-14,James Wan
115,tt1740707,2018-04-14,2018-04-14,,Trolljegeren,https://www.imdb.com/title/tt1740707/,movie,7.0,103,2010,"Drama, Fantasy, Horror",66367,2010-10-29,André Øvredal
116,tt1407972,2018-04-14,2018-04-14,,Wai dor lei ah yat ho,https://www.imdb.com/title/tt1407972/,movie,6.6,96,2010,"Crime, Drama, Horror",4644,2010-04-23,Ho-Cheung Pang
117,tt1307858,2018-04-14,2018-04-14,,All About Evil,https://www.imdb.com/title/tt1307858/,movie,6.1,98,2010,"Comedy, Horror",1219,2010-05-01,Joshua Grannell
118,tt1512685,2018-04-14,2018-04-14,,Los ojos de Julia,https://www.imdb.com/title/tt1512685/,movie,6.7,118,2010,"Horror, Mystery, Thriller",31338,2010-09-11,Guillem Morales
119,tt1629377,2018-04-14,2018-04-14,,Secuestrados,https://www.imdb.com/title/tt1629377/,movie,6.4,85,2010,"Action, Adventure, Crime, Horror, Thriller",7028,2010-09-25,Miguel Ángel Vivas
120,tt1464580,2018-04-14,2018-04-14,,Stake Land,https://www.imdb.com/title/tt1464580/,movie,6.5,98,2010,"Drama, Horror, Sci-Fi",39823,2010-09-17,Jim Mickle
121,tt1401143,2018-04-14,2018-04-14,,Rare Exports,https://www.imdb.com/title/tt1401143/,movie,6.7,84,2010,"Adventure, Fantasy, Horror",25240,2010-08-07,Jalmari Helander
122,tt1465505,2018-04-14,2018-04-14,,Red White & Blue,https://www.imdb.com/title/tt1465505/,movie,6.4,104,2010,"Drama, History, Thriller",5406,2010-01-29,Simon Rumley
123,tt1426352,2018-04-14,2018-04-14,,Amer,https://www.imdb.com/title/tt1426352/,movie,6.2,90,2009,"Horror, Thriller",5466,2009-09-23,"Hélène Cattet, Bruno Forzani"
124,tt0870984,2018-04-14,2018-04-14,,Antichrist,https://www.imdb.com/title/tt0870984/,movie,6.6,108,2009,"Drama, Horror",112477,2009-05-18,Lars von Trier
125,tt0762073,2018-04-14,2018-04-14,,Bakjwi,https://www.imdb.com/title/tt0762073/,movie,7.1,134,2009,"Drama, Fantasy, Horror, Romance",40754,2009-04-30,Chan-wook Park
126,tt1278340,2018-04-14,2018-04-14,,Død snø,https://www.imdb.com/title/tt1278340/,movie,6.3,90,2009,"Comedy, Horror",62732,2009-01-09,Tommy Wirkola
127,tt1127180,2018-04-14,2018-04-14,,Drag Me to Hell,https://www.imdb.com/title/tt1127180/,movie,6.5,99,2009,"Horror, Thriller",183213,2009-03-15,Sam Raimi
128,tt1288645,2018-04-14,2018-04-14,,Pintu Terlarang,https://www.imdb.com/title/tt1288645/,movie,6.8,115,2009,"Horror, Mystery, Thriller",1754,2009-01-22,Joko Anwar
129,tt1316536,2018-04-14,2018-04-14,,The Loved Ones,https://www.imdb.com/title/tt1316536/,movie,6.6,84,2009,"Horror, Thriller",35924,2009-09-13,Sean Byrne
130,tt1156398,2018-04-14,2018-04-14,,Zombieland,https://www.imdb.com/title/tt1156398/,movie,7.6,88,2009,"Adventure, Comedy, Fantasy, Sci-Fi",503789,2009-09-25,Ruben Fleischer
131,tt1379182,2018-07-10,2018-07-10,,Kynodontas,https://www.imdb.com/title/tt1379182/,movie,7.3,97,2009,"Drama, Thriller",76766,2009-05-18,Yorgos Lanthimos
132,tt1220214,2018-08-10,2018-08-10,,Heartless,https://www.imdb.com/title/tt1220214/,movie,6.0,114,2009,"Drama, Fantasy, Horror",9754,2009-08-31,Philip Ridley
133,tt1190539,2018-04-14,2018-04-14,,Chugyeogja,https://www.imdb.com/title/tt1190539/,movie,7.9,125,2008,"Action, Crime, Thriller",54529,2008-02-14,Hong-jin Na
134,tt1060277,2018-04-14,2018-04-14,,Cloverfield,https://www.imdb.com/title/tt1060277/,movie,7.0,85,2008,"Action, Adventure, Horror, Mystery, Sci-Fi, Thriller",363975,2008-01-16,Matt Reeves
135,tt0465430,2018-04-14,2018-04-14,,The Cottage,https://www.imdb.com/title/tt0465430/,movie,6.1,92,2008,"Comedy, Crime, Horror, Thriller",11668,2008-02-23,Paul Andrew Williams
136,tt1020530,2018-04-14,2018-04-14,,Eden Lake,https://www.imdb.com/title/tt1020530/,movie,6.8,91,2008,"Horror, Thriller",73707,2008-08-12,James Watkins
137,tt0411477,2018-04-14,2018-04-14,,Hellboy II: The Golden Army,https://www.imdb.com/title/tt0411477/,movie,7.0,120,2008,"Action, Adventure, Fantasy, Horror, Sci-Fi, War",250520,2008-06-28,Guillermo del Toro
138,tt1139797,2018-04-14,2018-04-14,,Låt den rätte komma in,https://www.imdb.com/title/tt1139797/,movie,7.9,114,2008,"Drama, Horror, Romance",200808,2008-01-26,Tomas Alfredson
139,tt1029234,2018-04-14,2018-04-14,,Martyrs,https://www.imdb.com/title/tt1029234/,movie,7.1,99,2008,Horror,79239,2008-05-31,Pascal Laugier
140,tt1226681,2018-04-14,2018-04-14,,Pontypool,https://www.imdb.com/title/tt1226681/,movie,6.6,93,2008,"Fantasy, Horror, Thriller",28108,2008-09-06,Bruce McDonald
141,tt1183732,2018-04-14,2018-04-14,,Tôkyô zankoku keisatsu,https://www.imdb.com/title/tt1183732/,movie,5.9,110,2008,"Action, Comedy, Horror, Sci-Fi",10601,2008-05-29,Yoshihiro Nishimura
142,tt0450385,2018-04-14,2018-04-14,,1408,https://www.imdb.com/title/tt0450385/,movie,6.8,104,2007,"Fantasy, Horror, Mystery",249680,2007-06-12,Mikael Håfström
143,tt0490081,2018-04-14,2018-04-14,,Asudem,https://www.imdb.com/title/tt0490081/,movie,5.0,90,2007,"Action, Horror, Thriller",471,2007-03-07,Daryush Shokof
144,tt0814685,2018-04-14,2018-04-14,,Frontière(s),https://www.imdb.com/title/tt0814685/,movie,6.2,108,2007,Horror,24423,2007-07-01,Xavier Gens
145,tt0808279,2018-04-14,2018-04-14,,Funny Games,https://www.imdb.com/title/tt0808279/,movie,6.6,111,2007,"Crime, Drama, Horror, Thriller",87675,2007-10-20,Michael Haneke
146,tt0462322,2018-04-14,2018-04-14,,Grindhouse,https://www.imdb.com/title/tt0462322/,movie,7.5,191,2007,"Action, Horror, Thriller",174998,2007-03-26,"Edgar Wright, Rob Zombie, Quentin Tarantino, Robert Rodriguez, Eli Roth"
147,tt0480669,2018-04-14,2018-04-14,,Los cronocrímenes,https://www.imdb.com/title/tt0480669/,movie,7.2,92,2007,"Horror, Mystery, Sci-Fi, Thriller",55256,2007-09-20,Nacho Vigalondo
148,tt0830558,2018-04-14,2018-04-14,,The Girl Next Door,https://www.imdb.com/title/tt0830558/,movie,6.6,91,2007,"Crime, Drama, Horror, Thriller",22570,2007-07-19,Gregory Wilson
149,tt0480249,2018-04-14,2018-04-14,[b]Horror / Science-fiction[/b],I Am Legend,https://www.imdb.com/title/tt0480249/,movie,7.2,101,2007,"Adventure, Drama, Sci-Fi, Thriller",666693,2007-12-05,Francis Lawrence
150,tt0856288,2018-04-14,2018-04-14,,À l'intérieur,https://www.imdb.com/title/tt0856288/,movie,6.8,82,2007,Horror,36105,2007-05-24,"Alexandre Bustillo, Julien Maury"
151,tt0844319,2018-04-14,2018-04-14,,Kaidan,https://www.imdb.com/title/tt0844319/,movie,6.2,115,2007,"Drama, Horror, Romance",999,2007-07-24,Hideo Nakata
152,tt0884328,2018-04-14,2018-04-14,,The Mist,https://www.imdb.com/title/tt0884328/,movie,7.1,126,2007,"Horror, Sci-Fi",272449,2007-11-12,Frank Darabont
153,tt0878695,2018-04-14,2018-04-14,,Murder Party,https://www.imdb.com/title/tt0878695/,movie,5.8,79,2007,"Comedy, Drama, Horror, Thriller",10147,2007-01-21,Jeremy Saulnier
154,tt0489235,2018-04-14,2018-04-14,,My Name Is Bruce,https://www.imdb.com/title/tt0489235/,movie,6.2,84,2007,"Comedy, Fantasy, Horror",23305,2007-04-13,Bruce Campbell
155,tt0464141,2018-04-14,2018-04-14,,El orfanato,https://www.imdb.com/title/tt0464141/,movie,7.4,105,2007,"Drama, Horror, Mystery, Thriller",143042,2007-05-20,J.A. Bayona
156,tt1179904,2018-04-14,2018-04-14,,Paranormal Activity,https://www.imdb.com/title/tt1179904/,movie,6.3,86,2007,"Horror, Mystery, Thriller",214915,2007-10-14,Oren Peli
157,tt1077258,2018-04-14,2018-04-14,[b]Single film in the 'Grindhouse' (2007) double-feature[/b].,Planet Terror,https://www.imdb.com/title/tt1077258/,movie,7.1,105,2007,"Action, Adventure, Comedy, Horror, Thriller",195705,2007-06-21,Robert Rodriguez
158,tt1010271,2018-04-14,2018-04-14,,The Poughkeepsie Tapes,https://www.imdb.com/title/tt1010271/,movie,6.1,81,2007,"Horror, Mystery, Thriller",14075,2007-04-27,John Erick Dowdle
159,tt1038988,2018-04-14,2018-04-14,,[Rec],https://www.imdb.com/title/tt1038988/,movie,7.4,78,2007,"Adventure, Horror, Mystery, Sci-Fi, Thriller",160128,2007-08-29,"Jaume Balagueró, Paco Plaza"
160,tt0408236,2018-04-14,2018-04-14,,Sweeney Todd: The Demon Barber of Fleet Street,https://www.imdb.com/title/tt0408236/,movie,7.3,116,2007,"Drama, Horror, Musical, Thriller",333992,2007-12-03,Tim Burton
161,tt0862856,2018-04-14,2018-04-14,,Trick 'r Treat,https://www.imdb.com/title/tt0862856/,movie,6.8,82,2008,"Comedy, Horror",77436,2008-10-07,Michael Dougherty
162,tt0883995,2018-04-14,2018-04-14,,13 game sayawng,https://www.imdb.com/title/tt0883995/,movie,6.7,114,2006,"Comedy, Crime, Drama, Horror, Mystery, Thriller",5504,2006-10-05,Chookiat Sakveerakul
163,tt0437857,2018-04-14,2018-04-14,,Behind the Mask: The Rise of Leslie Vernon,https://www.imdb.com/title/tt0437857/,movie,6.7,92,2006,"Comedy, Horror, Thriller",20743,2006-07-08,Scott Glosserman
164,tt0470705,2018-04-14,2018-04-14,,Bug,https://www.imdb.com/title/tt0470705/,movie,6.1,102,2006,"Drama, Horror, Thriller",32173,2006-05-19,William Friedkin
165,tt0457572,2018-04-14,2018-04-14,,Fido,https://www.imdb.com/title/tt0457572/,movie,6.7,93,2006,"Comedy, Drama, Horror, Sci-Fi",27674,2006-09-07,Andrew Currie
166,tt0454841,2018-04-14,2018-04-14,,The Hills Have Eyes,https://www.imdb.com/title/tt0454841/,movie,6.4,107,2006,"Horror, Thriller",154339,2006-03-10,Alexandre Aja
167,tt0468492,2018-04-14,2018-04-14,,Gwoemul,https://www.imdb.com/title/tt0468492/,movie,7.1,120,2006,"Action, Drama, Horror, Sci-Fi",98893,2006-05-21,Bong Joon Ho
168,tt0462485,2018-04-14,2018-04-14,,Poultrygeist: Night of the Chicken Dead,https://www.imdb.com/title/tt0462485/,movie,6.1,103,2006,"Comedy, Horror, Musical, Sci-Fi",7511,2006-12-29,Lloyd Kaufman
169,tt0464196,2018-04-14,2018-04-14,,Severance,https://www.imdb.com/title/tt0464196/,movie,6.5,96,2006,"Comedy, Horror, Thriller",35828,2006-07-18,Christopher Smith
170,tt0439815,2018-04-14,2018-04-14,,Slither,https://www.imdb.com/title/tt0439815/,movie,6.4,95,2006,"Comedy, Horror, Sci-Fi",71970,2006-03-31,James Gunn
171,tt0410730,2018-04-14,2018-04-14,,Taxidermia,https://www.imdb.com/title/tt0410730/,movie,6.9,91,2006,"Comedy, Drama, Horror",16010,2006-02-03,György Pálfi
172,tt0465203,2018-04-14,2018-04-14,,Ils,https://www.imdb.com/title/tt0465203/,movie,6.4,77,2006,"Horror, Thriller",28323,2006-04-08,"Xavier Palud, David Moreau"
173,tt0478988,2018-04-14,2018-04-14,,The Call of Cthulhu,https://www.imdb.com/title/tt0478988/,movie,7.2,47,2005,"Fantasy, Horror, Mystery, Thriller",7561,2005-10-07,Andrew Leman
174,tt0435625,2018-04-14,2018-04-14,,The Descent,https://www.imdb.com/title/tt0435625/,movie,7.2,99,2005,"Adventure, Horror, Thriller",194086,2005-03-11,Neil Marshall
175,tt0395584,2018-04-14,2018-04-14,,The Devil's Rejects,https://www.imdb.com/title/tt0395584/,movie,6.8,107,2005,Horror,90477,2005-07-22,Rob Zombie
176,tt0643109,2018-04-14,2018-04-14,[b]TV Episode[/b],Masters of Horror: John Carpenter's Cigarette Burns,https://www.imdb.com/title/tt0643109/,tvEpisode,7.6,59,2005,Horror,8504,2005-11-30,John Carpenter
177,tt0491399,2018-04-14,2018-04-14,,Haze,https://www.imdb.com/title/tt0491399/,movie,6.6,49,2005,"Horror, Mystery",2234,2005-04-28,Shin'ya Tsukamoto
178,tt0407236,2018-04-14,2018-04-14,,Sílení,https://www.imdb.com/title/tt0407236/,movie,7.3,118,2005,"Animation, Comedy, Drama, Horror",3368,2005-11-03,Jan Svankmajer
179,tt0453383,2018-04-14,2018-04-14,,Naboer,https://www.imdb.com/title/tt0453383/,movie,6.5,75,2005,"Horror, Mystery, Thriller",8528,2005-03-10,Pål Sletaune
180,tt0468820,2018-04-14,2018-04-14,,Noriko no shokutaku,https://www.imdb.com/title/tt0468820/,movie,7.1,159,2005,"Drama, Horror",3944,2005-07-04,Sion Sono
181,tt0930083,2018-04-14,2018-04-14,,Noroi,https://www.imdb.com/title/tt0930083/,movie,7.0,115,2005,"Horror, Mystery, Thriller",9080,2005-08-20,Kôji Shiraishi
182,tt0456630,2018-04-14,2018-04-14,,Rinne,https://www.imdb.com/title/tt0456630/,movie,6.2,96,2005,"Horror, Mystery",6020,2005-10-27,Takashi Shimizu
183,tt0492784,2018-04-14,2018-04-14,,Kimyô na sâkasu,https://www.imdb.com/title/tt0492784/,movie,7.0,108,2005,"Drama, Horror, Mystery, Thriller",4854,2005-10-14,Sion Sono
184,tt0416315,2018-04-14,2018-04-14,,Wolf Creek,https://www.imdb.com/title/tt0416315/,movie,6.2,99,2005,"Horror, Thriller",65715,2005-01-31,Greg McLean
185,tt1014693,2018-04-14,2018-04-14,,Zoo,https://www.imdb.com/title/tt1014693/,movie,6.8,120,2005,Horror,477,2005-03-19,"Hiroshi Ando, Ryu Kaneda, Masaki Adachi, Komiya Masatetsu, Junpei Mizusaki"
186,tt0407621,2018-04-14,2018-04-14,,Calvaire,https://www.imdb.com/title/tt0407621/,movie,6.2,88,2004,Horror,11271,2004-05-18,Fabrice du Welz
187,tt0363547,2018-04-14,2018-04-14,,Dawn of the Dead,https://www.imdb.com/title/tt0363547/,movie,7.3,101,2004,"Action, Horror",228105,2004-03-10,Zack Snyder
188,tt0472458,2018-04-14,2018-04-14,,Gau ji,https://www.imdb.com/title/tt0472458/,movie,6.7,91,2004,"Drama, Horror",8476,2004-08-19,Fruit Chan
189,tt0167190,2018-04-14,2018-04-14,,Hellboy,https://www.imdb.com/title/tt0167190/,movie,6.8,122,2004,"Action, Fantasy, Horror",300291,2004-03-30,Guillermo del Toro
190,tt0387564,2018-04-14,2018-04-14,,Saw,https://www.imdb.com/title/tt0387564/,movie,7.6,103,2004,"Horror, Mystery",367476,2004-01-19,James Wan
191,tt0365748,2018-04-14,2018-04-14,,Shaun of the Dead,https://www.imdb.com/title/tt0365748/,movie,7.9,99,2004,"Comedy, Horror",495923,2004-03-29,Edgar Wright
192,tt0440803,2018-04-14,2018-04-14,,Shutter,https://www.imdb.com/title/tt0440803/,movie,7.1,97,2004,"Horror, Mystery, Thriller",39318,2004-09-09,"Banjong Pisanthanakun, Parkpoom Wongpoom"
193,tt0420251,2018-04-14,2018-04-14,,Sam gang 2,https://www.imdb.com/title/tt0420251/,movie,7.0,118,2004,Horror,18258,2004-08-20,"Takashi Miike, Fruit Chan, Chan-wook Park"
194,tt0436374,2018-04-14,2018-04-14,,El habitante incierto,https://www.imdb.com/title/tt0436374/,movie,6.8,90,2004,"Drama, Horror, Mystery, Thriller",5364,2004-12-07,Guillem Morales
195,tt0308152,2018-04-14,2018-04-14,,Dead End,https://www.imdb.com/title/tt0308152/,movie,6.6,85,2003,"Adventure, Horror, Mystery, Thriller",25076,2003-01-30,"Jean-Baptiste Andrea, Fabrice Canepa"
196,tt0361668,2018-04-14,2018-04-14,,Gokudô kyôfu dai-gekijô: Gozu,https://www.imdb.com/title/tt0361668/,movie,7.0,129,2003,"Crime, Drama, Horror, Mystery, Thriller",10830,2003-05-17,Takashi Miike
197,tt0338095,2018-04-14,2018-04-14,,Haute tension,https://www.imdb.com/title/tt0338095/,movie,6.8,91,2003,Horror,65543,2003-06-18,Alexandre Aja
198,tt0251736,2018-04-14,2018-04-14,,House of 1000 Corpses,https://www.imdb.com/title/tt0251736/,movie,6.1,89,2003,Horror,73713,2003-03-13,Rob Zombie
199,tt0365376,2018-04-14,2018-04-14,,"Janghwa, Hongryeon",https://www.imdb.com/title/tt0365376/,movie,7.2,114,2003,"Drama, Horror, Mystery, Thriller",53769,2003-06-13,Jee-woon Kim
200,tt0295700,2018-04-14,2018-04-14,,Wrong Turn,https://www.imdb.com/title/tt0295700/,movie,6.1,84,2003,Horror,105387,2003-05-30,Rob Schmidt
201,tt0289043,2018-04-14,2018-04-14,,28 Days Later...,https://www.imdb.com/title/tt0289043/,movie,7.6,113,2002,"Drama, Horror, Sci-Fi, Thriller",364812,2002-11-01,Danny Boyle
202,tt0281686,2018-04-14,2018-04-14,,Bubba Ho-Tep,https://www.imdb.com/title/tt0281686/,movie,7.0,92,2002,"Comedy, Fantasy, Horror, Mystery, Western",44577,2002-06-09,Don Coscarelli
203,tt0308379,2018-04-14,2018-04-14,,Honogurai mizu no soko kara,https://www.imdb.com/title/tt0308379/,movie,6.7,101,2002,"Drama, Horror, Mystery, Thriller",29001,2002-01-19,Hideo Nakata
204,tt0280609,2018-04-14,2018-04-14,,Dog Soldiers,https://www.imdb.com/title/tt0280609/,movie,6.8,105,2002,"Action, Horror, Thriller",53689,2002-03-22,Neil Marshall
205,tt0293113,2018-04-14,2018-04-14,,Dracula: Pages from a Virgin's Diary,https://www.imdb.com/title/tt0293113/,movie,6.8,73,2002,"Horror, Musical",1837,2002-02-28,Guy Maddin
206,tt0325655,2018-04-14,2018-04-14,,Gin gwai,https://www.imdb.com/title/tt0325655/,movie,6.7,99,2002,"Horror, Mystery",27512,2002-05-09,"Oxide Chun Pang, Danny Pang"
207,tt0337961,2018-04-14,2018-04-14,,Dans ma peau,https://www.imdb.com/title/tt0337961/,movie,6.2,93,2002,"Drama, Horror",4834,2002-09-27,Marina de Van
208,tt0364385,2018-04-14,2018-04-14,,Ju-on,https://www.imdb.com/title/tt0364385/,movie,6.7,92,2002,Horror,39503,2002-10-18,Takashi Shimizu
209,tt0309832,2018-04-14,2018-04-14,,Maléfique,https://www.imdb.com/title/tt0309832/,movie,6.4,90,2002,"Fantasy, Horror, Mystery",3606,2002-11-09,Eric Valette
210,tt0303361,2018-04-14,2018-04-14,,May,https://www.imdb.com/title/tt0303361/,movie,6.6,93,2002,"Comedy, Drama, Horror, Thriller",32107,2002-01-13,Lucky McKee
211,tt0298130,2018-04-14,2018-04-14,,The Ring,https://www.imdb.com/title/tt0298130/,movie,7.1,115,2002,"Horror, Mystery",311261,2002-10-02,Gore Verbinski
212,tt0286106,2018-04-14,2018-04-14,,Signs,https://www.imdb.com/title/tt0286106/,movie,6.7,106,2002,"Drama, Mystery, Sci-Fi, Thriller",328456,2002-07-29,M. Night Shyamalan
213,tt0264508,2018-04-14,2018-04-14,,Dagon,https://www.imdb.com/title/tt0264508/,movie,6.2,95,2001,"Fantasy, Horror, Mystery",16189,2001-10-12,Stuart Gordon
214,tt0256009,2018-04-14,2018-04-14,,El espinazo del diablo,https://www.imdb.com/title/tt0256009/,movie,7.4,106,2001,"Drama, Horror",59801,2001-04-20,Guillermo del Toro
215,tt0264616,2018-04-14,2018-04-14,,Frailty,https://www.imdb.com/title/tt0264616/,movie,7.2,100,2001,"Crime, Drama, Thriller",74003,2001-11-17,Bill Paxton
216,tt0304262,2018-04-14,2018-04-14,,Katakuri-ke no kôfuku,https://www.imdb.com/title/tt0304262/,movie,7.1,113,2001,"Comedy, Fantasy, Horror, Musical",8094,2001-10-31,Takashi Miike
217,tt0296042,2018-04-14,2018-04-14,,Koroshiya 1,https://www.imdb.com/title/tt0296042/,movie,7.0,129,2001,"Action, Comedy, Crime, Drama, Horror, Thriller",50712,2001-09-14,Takashi Miike
218,tt0307109,2018-04-14,2018-04-14,,The Lost Skeleton of Cadavra,https://www.imdb.com/title/tt0307109/,movie,7.0,90,2001,"Comedy, Horror, Sci-Fi",4598,2001-09-30,Larry Blamire
219,tt0230600,2018-04-14,2018-04-14,,The Others,https://www.imdb.com/title/tt0230600/,movie,7.6,101,2001,"Horror, Mystery, Thriller",326449,2001-08-02,Alejandro Amenábar
220,tt0286751,2018-04-14,2018-04-14,,Kairo,https://www.imdb.com/title/tt0286751/,movie,6.5,119,2001,"Horror, Mystery, Sci-Fi, Thriller",15633,2001-02-03,Kiyoshi Kurosawa
221,tt0312843,2018-04-14,2018-04-14,,Jisatsu sâkuru,https://www.imdb.com/title/tt0312843/,movie,6.6,99,2001,"Crime, Drama, Horror, Mystery, Thriller",18036,2001-10-29,Sion Sono
222,tt0261983,2018-04-14,2018-04-14,,Session 9,https://www.imdb.com/title/tt0261983/,movie,6.4,100,2001,"Horror, Mystery",51289,2001-07-31,Brad Anderson
223,tt0144084,2018-04-14,2018-04-14,,American Psycho,https://www.imdb.com/title/tt0144084/,movie,7.6,101,2000,"Comedy, Crime, Drama",462937,2000-01-21,Mary Harron
224,tt0266308,2018-04-14,2018-04-14,,Batoru rowaiaru,https://www.imdb.com/title/tt0266308/,movie,7.6,114,2000,"Adventure, Drama, Sci-Fi, Thriller",164447,2000-10-31,Kinji Fukasaku
225,tt0209958,2018-04-14,2018-04-14,,The Cell,https://www.imdb.com/title/tt0209958/,movie,6.3,107,2000,"Horror, Sci-Fi, Thriller",92852,2000-08-17,Tarsem Singh
226,tt0212879,2018-04-14,2018-04-14,,Citizen Toxie: The Toxic Avenger IV,https://www.imdb.com/title/tt0212879/,movie,6.2,109,2000,"Action, Comedy, Fantasy, Horror, Sci-Fi",4998,2000-10-08,Lloyd Kaufman
227,tt0255067,2018-04-14,2018-04-14,,La comunidad,https://www.imdb.com/title/tt0255067/,movie,7.3,110,2000,"Comedy, Crime, Horror, Mystery, Thriller",10525,2000-09-29,Álex de la Iglesia
228,tt0195714,2018-04-14,2018-04-14,,Final Destination,https://www.imdb.com/title/tt0195714/,movie,6.7,98,2000,"Horror, Thriller",221848,2000-03-16,James Wong
229,tt0210070,2018-04-14,2018-04-14,,Ginger Snaps,https://www.imdb.com/title/tt0210070/,movie,6.8,108,2000,"Drama, Fantasy, Horror",40233,2000-08-01,John Fawcett
230,tt0228687,2018-04-14,2018-04-14,,Otesánek,https://www.imdb.com/title/tt0228687/,movie,7.3,132,2000,"Animation, Comedy, Drama, Fantasy, Horror, Thriller",5811,2000-09-07,Jan Svankmajer
231,tt0189998,2018-04-14,2018-04-14,,Shadow of the Vampire,https://www.imdb.com/title/tt0189998/,movie,6.9,92,2000,"Drama, Horror",39194,2000-05-15,E. Elias Merhige
232,tt0275773,2018-04-14,2018-04-14,,Versus,https://www.imdb.com/title/tt0275773/,movie,6.4,119,2000,"Action, Comedy, Drama, Fantasy, Horror, Romance, Thriller",12197,2000-10-29,Ryûhei Kitamura
